ABSLATIT,AIRDIST,AVELF,BUDDHA,CIV72,COLONY,CONFUC,DENS60,DENS65C,DENS65I,DPOP6090,EAST,ECORG,EUROPE,FERTLDC1,GDE1,GDPCH60L,GEEREC1,GOVSH61,GVR61,H60,HERF00,IPRICE1,LAAM,LANDLOCK,LIFE060,LT100CR,MALFAL66,NEWSTATE,OPENDEC1,OTHFRAC,P60,PRIGHTS,POP1560,POP60,POP6560,PRIEXP70,RERD,REVCOUP,SAFRICA,SIZE60,SPAIN,TROPICAR,TROPPOP,WARTIME,WARTORN,YRSOPEN,ZTROPICS,y
0.569,6420,0.872253,0,0.1667,1,0,148.0764,30.75152,7.652775,0.027784,0,3,0,1.796913,0.024,6.192362,0.027,0.2,0.153,0,0.960536,429.52,0,0,42.1,0.01,1,2,0.285,0,0.6,6.56,0.4403,15310,0.029458,0.932,201,0.27,1,15.828624,0,1,0.9892,0.04,1,0,0.20609,-3.18
4.331,5450,0.785556,0,0,1,0,406.1147,0,2.6919,0.022555,0,3,0,1.580215,0.009,6.556778,0.0231,0.36,0.3259,0,0.992032,103.8,0,1,39.3,0,1,2,0.67,0,0.32,6.83,0.3864,1534,0.041721,0.557,156,0.39,1,13.892412,0,1,1,0,0,0,0.443271,-2.52
12.942,7820,0.829398,0,0.3333,1,0,236.673,0,4.861513,0.033396,0,1,0,1.901062,0.015,6.872128,0.0159,0.22,0.1841,0,0.996006,48.33,0,1,41.8,0,1,2,0.89,0,0.42,5.11,0.4518,3141,0.023559,0.998,206,0.05,1,14.924425,0,1,1,0,0,0.04,0.0249,-1.88
13.876,4460,0.732914,0,0.1667,1,0,418.3289,0,2.889398,0.031613,0,5,0,1.925124,0.01,6.276643,0.0049,0.27,0.2591,0,0.504802,93.3,0,1,35.4,0,0.76,2,0.2865,0.035,0.05,6.89,0.4147,3028,0.023448,0.963,204,0.16,1,14.292301,0,0.9998,1,0,0,0,0.37614,-1.79
18.958,8940,0.062749,0,0.6667,1,0,109.5385,8.653484,12.95668,0.026986,0,1,0,1.885705,0.013,7.082549,0.0206,0.14,0.1054,0,0.440978,207.93,0,0,41,0.57,1,2,0.372,0,0.52,5.22,0.411,5309,0.028066,0.928,120,0.1,1,15.659707,0,0.8768,0.48897,0,0,0,0.124251,-1.61
6.385,5260,0.803055,0,0.1667,0,0,92.7045,14.02777,10.4754,0.030287,0,5,0,1.862684,0.009,6.575076,0.0144,0.21,0.1836,0,0.843552,100.6,0,0,41.5,0.68,1,0,0.972,0,0.31,5.72,0.4225,1039,0.036574,0.973,169,0.23,1,13.52109,0,1,0.4435,0.04,1,0.01,0.434209,-1.01
18.932,2500,0.064405,0,0.1667,1,0,7.2393,150.3266,0,0.017617,0,3,0,1.780193,0.025,6.828712,0.0153,0.16,0.1177,0,0.908608,100.91,1,0,42.4,1,1,0,0.291,0.075,0.46,6.5,0.4093,3807,0.050433,0.744,114,0.16,0,15.073309,0,1,0,0.2,1,0,0.206555,-0.87
14.772,4757,0.778868,0,0.1667,1,0,60.411,47.15005,9.656407,0.027802,0,4,0,1.867022,0.011,6.953684,0.0187,0.28,0.2543,0,0.569848,100.48,0,0,39.6,0.59,1,2,0.593,0.001,0.27,4.33,0.4266,3187,0.030122,0.811,146,0.04,1,15.02052,0,1,0.4321,0,0,0,0.848604,-0.67
6.694,5190,0.706071,0,0.1667,1,0,33.5902,77.20781,24.16616,0.027276,0,3,0,1.902853,0.018,6.795706,0.026,0.11,0.065,0,0.821496,158.22,0,0,45.2,0.19,1,2,0.3845,0,0.38,5.89,0.4459,6774,0.025391,0.994,248,0.55,1,15.616553,0,1,0.5747,0,0,0.22,0.924044,-0.41
13.257,4660,0.78037,0,0.8333,1,0,28.4091,63.06274,25.30601,0.030004,0,5,0,1.871802,0,6.400257,0.0211,0.2,0.1759,0,0.678592,162.64,0,0,32.3,1,1,2,0.685,0,0.12,2.44,0.3945,352,0.03125,1,150,0.05,1,12.263889,0,1,0.3605,0,0,0.22,0.647871,-0.31
6.543,4770,0.856709,0,0.5,1,0,21.5287,132.9795,44.82621,0.031227,0,4,0,1.931231,0.006,6.340359,0.0136,0.13,0.1094,0,0.60151,121.57,0,0,39.7,0.13,1,2,0.2505,0.002,0.36,4.89,0.4543,42305,0.023071,0.988,277,0.52,1,16.99302,0,1,0.7552,0.12,1,0,0.789976,-0.21
6.194,5120,0.728487,0,0.3333,1,0,35.9247,74.31586,20.96762,0.027993,0,1,0,1.871802,0.008,5.905362,0.0193,0.26,0.2297,0,0.907938,86.5,0,0,39.5,0.16,1,2,0.7905,0,0.44,6.67,0.4253,1514,0.035667,0.944,141,0.16,1,13.227872,0,1,0.5758,0,0,0,0.948539,-0.14
2.032,6460,0.060862,0,0.1667,1,0,8.9971,0,129.0231,0.032234,0,1,0,2.051813,0.026,6.285998,0.0256,0.2,0.1484,0,0.996008,172.36,0,1,46.5,0,1,2,0.285,0,0.49,6.33,0.4451,2742,0.023705,0.992,165,0.14,1,14.202441,0,1,1,0,0,0,0,0.09
6.364,5040,0.683119,0,0.3333,1,0,49.4502,99.27784,12.51306,0.023965,0,0,0,1.921471,0.018,7.003065,0.0248,0.28,0.2372,0,0.847728,150.44,0,0,38.9,0.11,1,2,0.4405,0,0.27,7,0.4074,2237,0.072865,0.896,126,0.1,1,14.715956,0,1,0.5141,0,0,0.11,0.979711,0.11
10.73,5470,0.852045,0,0.5,1,0,87.8611,19.58585,11.87936,0.026343,0,5,0,1.740466,0.024,6.463029,0.0221,0.19,0.1439,0,0.899314,139.59,0,0,43.4,0.13,1,2,0.4345,0.007,0.65,6.06,0.4052,5297,0.034737,0.915,187,0.08,1,15.037925,0,1,0.8641,0,0,0.16,0.240944,0.24
9.843,3530,0.0525,0,0.8333,1,0,117.5753,29.15127,4.215568,0.032619,0,3,0,1.692492,0.019,8.754319,0.018,0.08,0.043,0.04,0.867942,98.62,1,0,59.8,0.56,0.09504,0,0.423,0.969,1,1.22,0.461,7502,0.024394,0.985,109,0.32,0,17.677243,1,1,0.455,0,0,0.31,0.494292,0.29
9.007,5740,0.677082,0,0.1667,0,0,41.3377,18.25667,25.69841,0.022772,0,0,0,1.759925,0.022,5.549076,0.0095,0.16,0.1325,0,0.340666,137.92,0,1,42.2,0.02,0.85,0,0.2465,0.002,0.07,6.67,0.4451,24191,0.025423,0.983,98,0.72,1,15.642812,0,1,0.9492,1,1,0,0.262954,0.3
15.19,6500,0.599412,0,0.5,1,0,316.3302,0,3.456353,0.025138,0,3,0,1.876101,0.016,7.045777,0.0158,0.15,0.1212,0.04,0.880192,38.01,1,1,42.8,0.02,0.01089,0,0.5395,0.372,0.64,4.11,0.4281,3428,0.031797,0.969,181,1.19,0,15.185509,1,1,1,0,0,0.73,0.204045,0.35
2.154,7340,0.890247,0,0.1667,1,0,88.1299,25.41653,12.16442,0.033545,0,0,0,1.86501,0.019,5.765191,0.0265,0.27,0.2195,0,0.824286,107.24,0,0,40.6,0.09,0.98,2,0.5535,0,0.25,6,0.4589,10026,0.028626,0.872,216,0.05,1,14.978128,0,1,0.8399,0.08,1,0,0.072123,0.38
3.365,6600,0.013333,0,0,1,0,8.711,0,125.1168,0.020279,0,4,0,1.857235,0.014,6.461468,0.0183,0.04,0.01,0,0.996008,114.67,0,1,41.8,0,1,2,0.2215,0,0.18,6.83,0.4047,2948,0.03019,0.977,167,0.39,1,14.45035,0,1,1,0.04,1,0,0,0.46
17.925,4180,0.27,0,0.1667,1,0,1034.5308,2.801948,0.964583,0.023586,0,3,0,1.871802,0.026,6.659294,0.0176,0.25,0.2094,0,0.955058,100.39,0,0,35.3,0.07,0,2,0.81,0.866,0.08,6.33,0.4357,991,0.028254,0.992,198,0.2,1,13.558008,0,0.8225,0.69656,0.44,1,0,0.189173,0.54
14.194,3220,0.097359,0,0.6667,1,0,57.8243,21.19768,17.77783,0.033245,0,3,0,1.994564,0.017,6.946014,0.0211,0.15,0.1109,0.01,0.9418,72.95,1,0,46.8,0.67,0.00324,0,0.615,0.843,0.67,4.06,0.4559,1935,0.022739,0.919,156,0.32,0,14.513877,1,1,0.3687,0.08,1,0.36,0.131982,0.73
13.775,3350,0.051429,0,0.6667,1,0,8.0623,145.0772,0,0.022344,0,3,0,1.848455,0.012,7.26333,0.0224,0.17,0.1346,0.01,0.9608,87.74,1,0,50.8,1,0.00194,0,0.567,0.923,0.8,3.28,0.451,2570,0.025681,0.713,132,0.56,0,15.114991,1,1,0.012,0.36,1,0.4,0.04724,0.81
6.6,4500,0.802727,0,0.8333,1,0,235.8646,4.690946,4.864055,0.023445,1,5,0,1.803688,0.014,7.118826,0.0233,0.43,0.3917,0,0.922408,52.5,0,0,41,0.69,0.95,2,0.691,0,0.32,2.31,0.4045,1920,0.029167,0.971,105,0,0,14.678907,0,1,0.3581,0,0,0,0.345368,0.84
15.811,7870,0.622437,0,0.1667,1,0,26.6591,0,42.25127,0.030129,0,5,0,2.046531,0.005,5.940171,0.0118,0.2,0.1872,0,0.907494,74.5,0,1,37.9,0,0.52,2,0.614,0,0.67,6.39,0.4562,3529,0.02607,0.963,116,0,1,14.108941,0,1,1,0,0,0,0.054808,0.95
17.876,8190,0.598636,0,0.3333,1,0,101.4822,0,11.54453,0.030956,0,3,0,2.044203,0.015,6.896694,0.0163,0.1,0.0687,0,0.922424,73.74,0,1,45.5,0,1,2,0.632,0,0.96,4.83,0.4551,3812,0.028594,0.656,164,0.3,1,15.142604,0,1,1,0.24,1,0,0.065867,0.97
11.794,5940,0.431591,0,0.3333,1,0,128.8893,28.76789,4.808678,0.026207,0,3,0,1.809272,0.027,7.610358,0.0245,0.15,0.0935,0.04,0.897726,61,1,0,48,0.24,0.00255,0,0.3255,0.564,0.83,3.78,0.4332,9931,0.034337,0.985,83,0.28,0,16.813774,1,1,0.5032,0.04,1,0.49,0.459178,0.99
36.676,8570,0.176932,0,0.6667,1,0,132.7459,12.4985,7.530861,0.015255,0,5,0,1.133658,0.021,8.403352,0.0223,0.13,0.0847,0.11,0.950852,88.21,1,0,65.2,0.2,0,0,0.1305,0.836,0.98,3.94,0.3078,20616,0.055442,0.861,113,0.96,0,18.337175,1,0.0268,0,0.36,1,0.09,0.002271,1.02
9.941,3575,0.053214,0,1,1,0,41.3107,29.02468,0,0.030175,0,3,0,1.623144,0.011,7.647786,0.035,0.2,0.155,0.05,0.970352,82.73,1,0,61.9,1,0.00088,0,0.638,0.891,0.96,1,0.474,1236,0.032362,0.803,91,0,0,14.767422,1,1,1.00E-04,0,0,0.42,0.259826,1.02
0.513,6650,0.826965,0,0.5,1,0,68.3077,13.07549,17.49389,0.035654,0,5,0,2.079442,0.003,6.490724,0.0361,0.15,0.1119,0,0.920864,55.74,0,0,45,0.08,0.98,2,0.606,0,0.47,5.33,0.497,8332,0.041167,0.874,131,0.05,1,15.518582,0,1,0.9352,0,0,0.04,0.40147,1.06
36.892,9280,0.14757,0,1,1,0,112.9806,10.12706,2.210206,0.011871,0,5,1,1.148988,0.019,8.982184,0.0256,0.14,0.0904,0.13,0.724194,68.53,0,0,71,0.96,0,0,0.4735,0,1,1,0.3288,2372,0.086425,0.89,101,0,0,16.753673,0,0,0,0,0,0.2,0,1.07
36.72,1675,0.293724,0,0.1667,1,0,220.5315,74.74003,1.552617,0.028417,0,0,0,2.0031,0.03,7.451822,0.0297,0.17,0.1073,0,0.764248,97.96,0,0,47.3,0.05,0.09,2,0.4695,0.836,0.46,5.83,0.4373,10800,0.038519,0.933,190,0.12,0,16.739124,0,0.1618,0.12865,0,1,0,0,1.1
18.055,2560,0.0125,0,0.8333,1,0,6.6483,162.5115,0,0.014329,0,5,0,1.664116,0.004,7.480428,0.0201,0.07,0.0409,0.02,0.830924,85.12,1,0,63,1,0,2,0.757,0,0.92,1.72,0.4171,1629,0.042971,0.471,139,0,0,14.87615,0,1,0,0.04,1,0.42,0,1.13
34.822,8560,0.066667,0,0.5,1,0,68.8771,35.73729,6.170832,0.006722,0,3,0,1.0654,0.014,8.286017,0.0241,0.09,0.0549,0.08,0.513184,125.23,1,0,67.3,0.49,0,0,0.2765,1,1,4.22,0.2785,2538,0.081166,0.796,92,0,0,16.125149,1,0,0,0,0,0.11,0,1.22
14.622,3300,0.476667,0,0.6667,1,0,27.3537,72.5593,19.59408,0.027946,0,3,0,1.878243,0.009,7.414573,0.0156,0.09,0.0634,0.02,0.988072,74.07,1,0,45.9,0.42,0.0204,0,0.3795,0.588,0.45,4,0.46,3964,0.026488,0.72,109,0.51,0,15.699582,1,1,0.3144,0.08,1,0.42,0.12275,1.23
29.13,8930,0.830982,0,0.3333,1,0,70.1908,30.37214,12.78999,0.023544,0,3,0,1.742219,0.017,7.692113,0.0266,0.16,0.1164,0.03,0.482688,85.17,0,0,49.2,0.2,0,0,0.51,0,0.89,4.78,0.4009,17396,0.03863,0.528,72,0.04,1,17.456109,0,0.0378,0,0.44,1,0.09,0.002942,1.23
13.922,3010,0.723821,0.02,0.1667,1,0,10.8185,107.5375,26.15232,0.027496,1,3,0,1.854265,0.013,7.032624,0.0233,0.14,0.1047,0.13,0.587954,89.45,0,0,53.1,1,0.48743,2,0.3945,0.012,0.95,4.28,0.4696,27561,0.030442,0.924,92,0.44,0,17.256781,0,1,7.00E-04,0.36,1,0.16,0.325541,1.3
0.228,6220,0.835791,0,0,1,0,30.4252,0,40.30553,0.034838,0,3,0,1.932246,0.003,6.393591,0.019,0.19,0.17,0,0.834488,170.59,0,1,43.2,0,0.86,2,0.202,0,0.49,5.78,0.4669,6562,0.026364,0.996,155,0.43,1,15.182641,0,1,1,0.28,1,0.16,0.14277,1.37
31.602,3390,0.029719,0,0.1667,1,0,52.4661,21.18003,11.40062,0.028379,0,5,0,2.054241,0.166,7.057898,0.0329,0.21,0.0121,0.01,0.88917,96.95,0,0,47.2,0.15,0,2,0.5545,1,0.77,5.72,0.4441,1695,0.040708,0.838,116,0.2,0,14.493336,0,0,0,0.08,1,0.67,0,1.4
3.684,6330,0.669275,0,0,1,0,345.6478,12.39925,2.793233,0.027473,0,1,0,1.771897,0.025,7.023759,0.0311,0.32,0.2669,0,0.95125,143,0,0,47.3,0.05,1,2,0.883,0,0.78,6.56,0.4082,988,0.034413,0.71,191,0.36,1,13.919442,0,1,0.862,0,0,0,0.027556,1.51
2.062,4580,0.325357,0,0.6667,1,0,62.7328,30.30622,11.7418,0.029481,0,3,0,1.84814,0.021,7.286876,0.0155,0.17,0.1325,0.03,0.784258,26.54,1,0,53.4,0.38,0.2135,0,0.4015,0.714,0.83,3.72,0.4482,4413,0.040109,0.983,113,0.56,0,15.679186,1,1,0.4694,0,0,0.84,0.389073,1.54
27.712,5160,0.45,0.05,0.3333,0,0,14.547,0,75.83333,0.023891,0,5,0,1.844984,0.005,6.44254,0.0048,0.27,0.2552,0.01,0.6334,78.35,0,1,38.5,0,0.04617,0,0.1495,0,0.1,4.33,0.3845,9404,0.039239,0.649,73,0.08,0,15.591431,0,0,0,0,0,0.09,0.054956,1.58
16.759,3360,0.174074,0,0.6667,1,0,51.8819,17.43064,24.48998,0.028529,0,3,0,1.86377,0.007,7.95015,0.0134,0.06,0.0436,0.03,0.976218,55.77,1,0,57.3,0.37,0.00013,0,0.1605,0.88,0.8,3.67,0.4562,38020,0.033009,0.675,71,0,0,18.496018,1,0.4659,0.36775,0,0,0.2,0.112466,1.76
51.51,320,0.106285,0,1,0,0,4.6132,199.0842,537.0287,0.002768,0,4,1,0.893227,0.063,8.828055,0.0345,0.2,0.1005,0.09,0.829218,79.31,0,0,70.8,1,0,0,0.45,0,0.92,1,0.2325,52372,0.116837,0.167,99,0.24,0,19.694182,0,0,0,0,0,0.78,0,2.03
59.278,1200,0.065037,0,1,0,0,55.0294,43.88341,7.955152,0.003828,0,4,1,0.726098,0.041,8.93485,0.0412,0.18,0.0968,0.09,0.976266,91.25,0,0,73.2,0.3,0,0,0.4725,0,0.96,1.06,0.2199,7480,0.119652,0.251,142,0,0,17.854838,0,0,0,0,0,0.78,0,2.13
10.418,3600,0.23127,0,0.6667,1,0,6.0854,174.6589,0,0.013987,0,3,0,1.316944,0.004,8.635332,0.0204,0.05,0.0236,0.01,0.316388,83.47,1,0,63.9,1,0,2,0.871,0.036,0.88,1.56,0.4305,843,0.039146,0.869,96,0.05,0,15.372299,0,1,0,0,0,0,0,2.16
32.219,7800,0.112797,0,1,1,0,741.0994,6.251487,0.307826,0.016453,0,5,1,1.027474,0.028,8.959569,0.0217,0.1,0.0513,0.13,0.59546,68.82,0,0,70.7,0.2,0,0,0.2955,0,1,1,0.3009,10315,0.084634,0.811,129,0,0,18.200923,0,0.3857,0.01649,0,0,0.69,0.160221,2.18
43.727,540,0.376188,0,1,1,0,514.8791,13.4373,1.889658,0.013423,0,5,1,0.84286,0.04,8.88986,0.0365,0.13,0.0535,0.16,0.496884,103.62,0,0,71.1,0.05,0,0,0.4305,0.243,1,1,0.3354,17909,0.07499,0.488,83,0,0,18.682918,0,0,0,0,0,0.96,0,2.21
34.36,140,0.209031,0,1,1,0,50.695,71.91255,14.83697,0.011011,0,5,1,0.858238,0.088,9.199785,0.0383,0.16,0.0317,0.32,0.53531,84.59,0,0,69.8,0.26,0,0,0.1155,0.089,1,1,0.3104,180671,0.092311,0.298,90,0,0,21.304218,0,0.0018,0,0.32,1,1,0.000941,2.27
6.868,6850,0.325747,0.69,0.6667,1,0,6.5355,171.5903,351.3485,0.019052,0,2,0,1.488174,0.01,7.138073,0.0382,0.24,0.1928,0.01,0.4167,124.85,0,0,62.3,0.99,0.038,2,0.6095,0,0.95,2.44,0.4207,9889,0.036202,0.986,51,0.08,0,16.337251,0,1,0.0471,0.04,1,0.4,0.636712,2.28
4.788,4030,0.055796,0,0.8333,1,0,65.1672,30.34203,15.43562,0.02444,0,3,0,1.685102,0.017,7.428927,0.023,0.1,0.06,0.02,0.677206,61.33,1,0,53.2,0.28,0.26418,0,0.2725,0.98,0.77,2.11,0.4633,15939,0.032185,0.919,81,0,0,17.105451,1,1,0.7533,0.32,1,0.09,0.566813,2.29
33.554,8290,0.050625,0,0.8333,1,0,98.3452,9.127183,15.93215,0.018302,0,5,0,1.39674,0.023,7.96728,0.0262,0.2,0.1518,0.04,0.922614,60.49,1,0,57.3,0.68,0,0,0.29,0.931,1,5.78,0.3939,7614,0.047413,0.956,100,0.2,0,16.905024,1,0.1625,0.054,0.04,1,0.42,0,2.33
55.718,765,0.0275,0,1,0,0,9.2622,112.1376,0,0.003714,0,4,1,0.767327,0.028,8.818778,0.0339,0.16,0.0951,0.1,0.984086,70.24,0,0,72.2,1,0,0,0.5835,0.005,1,1,0.2524,4581,0.105872,0.46,112,0,0,17.248451,0,0,0,0,0,0.78,0,2.4
51.874,140,0.063435,0,1,0,0,2.9547,353.6062,414.5556,0.00854,0,4,1,0.91549,0.044,8.712266,0.0412,0.15,0.0678,0.13,0.499461,63.92,0,0,73.3,1,0,0,0.8505,0,1,1,0.3,11480,0.09007,0.433,105,0,0,18.060628,0,0,0,0,0,0.8,0,2.4
31.173,5950,0.62156,0,0.3333,1,0,15.4315,67.62395,74.80611,0.030556,0,3,0,1.960376,0.026,6.458338,0.0154,0.18,0.1396,0.01,0.702976,56.4,0,0,43.3,0.09,0.42897,2,0.2445,0,0.3,4.94,0.4366,49955,0.041577,0.428,77,0.32,0,17.277216,0,0,0,0.08,1,0,0.036751,2.4
9.206,3590,0.190833,0,0.1667,1,0,64.8345,17.50638,0,0.024991,0,3,0,1.657275,0.005,7.362011,0.0365,0.22,0.1825,0.05,0.76685,87.23,1,0,60.9,1,0.24564,0,0.8065,0.695,0.96,5.72,0.4349,1148,0.04007,0.964,129,0.16,0,14.407787,1,1,0,0,0,0.28,0.459623,2.43
29.996,3250,0.023062,0,0.1667,1,0,38.4017,64.09662,21.52594,0.023792,0,1,0,1.80237,0.062,6.695799,0.045,0.28,0.177,0.05,0.67591,287.27,0,0,46.4,0.39,0.028,1,0.358,0.97,0.66,5.11,0.4243,25922,0.032829,0.729,168,0.16,0,16.858646,0,0.1658,0.12488,0.08,1,0,0,2.45
25.274,5860,0.742197,0.01,0.6667,1,0,6.7214,238.6484,153.134,0.022118,0,3,0,1.761128,0.028,6.641182,0.021,0.33,0.281,0.03,0.684086,57.24,0,0,42.5,0.25,0.13186,2,0.095,0,0.61,2,0.3974,442344,0.034322,0.48,94,0.12,0,19.641025,0,0.5119,0.3929,0.04,1,0.02,0.459245,2.46
18.561,2420,0.010831,0,0.8333,1,0,14.9737,78.66887,0,0.026829,0,3,0,1.814336,0.039,7.085901,0.0187,0.18,0.1203,0.01,0.956888,90.57,1,0,52.2,1,0.938,0,0.431,0.87,0.98,2.17,0.4682,3231,0.030331,0.804,129,0.36,0,15.166448,0,1,0,0.04,1,0,0,2.55
48.161,240,0.043755,0,1,0,0,6.3008,120.6083,239.8791,0.002908,0,5,1,0.734769,0.045,8.790269,0.0211,0.15,0.0839,0.06,0.484274,66.44,0,0,69.4,0.94,0,0,0.3965,0.949,1,1,0.2133,55433,0.108455,0.109,109,0.08,0,19.713199,0,0,0,0,0,0.8,0,2.57
41.202,2520,0.163568,0,0.5,0,0,27.9774,56.84623,30.27788,0.024306,0,3,0,1.670721,0.05,7.391415,0.0268,0.11,0.0322,0.03,0.631418,44.48,0,0,50.5,0.39,0,1,0.156,0.014,0.75,3.33,0.412,27509,0.035334,0.911,99,0.31,0,17.613684,0,0,0,0.08,1,0.13,0,2.57
48.857,440,0.145484,0,0.8333,0,0,12.0414,88.70178,88.60191,0.007078,0,4,1,0.925052,0.059,8.669571,0.0231,0.16,0.0799,0.08,0.94334,82.04,0,0,70.4,0.85,0,0,0.3055,1.004,1,1,0.2638,45684,0.116387,0.253,98,0,0,19.399074,0,0,0,0,0,0.8,0,2.63
25.583,7580,0.411111,0,0.1667,1,0,223.9572,0,5.162346,0.029773,0,3,0,1.793924,0.017,7.070724,0.0138,0.15,0.1182,0.02,0.934312,92.6,1,1,63.9,0.32,0.034,0,0.2995,0.036,0.98,4.94,0.4606,1774,0.032695,0.911,141,0.08,0,14.551716,1,0.5614,0.5,0,0,0.13,0.150223,2.63
50.837,190,0.363834,0,1,0,0,3.5857,420.7111,161.5809,0.002494,0,5,1,0.806029,0.035,8.611594,0.0463,0.11,0.0297,0.09,0.976214,69.91,0,0,69.7,0.99,0,0,0.974,0.345,1,1,0.2352,9153,0.119633,0.238,100,0,0,17.733431,0,0,0,0,0,0.78,0,2.68
29.595,9320,0.209762,0,0.5,1,0,34.8851,0,31.72982,0.02361,0,5,0,1.757858,0,5.746203,0.0459,0.08,0.0291,0,0.802942,71.53,0,1,47.7,0,0,2,0.802,0,0.83,5.22,0.4055,870,0.039081,0.933,126,0.05,1,12.514696,0,0,0,0,0,0.37,0,2.69
60.212,1640,0.105,0,0.8333,0,0,68.7562,33.61261,7.619513,0.004215,0,4,1,0.648673,0.019,8.573763,0.0446,0.13,0.0624,0.07,0.964614,59.9,0,0,68.5,0.29,0,1,0.4775,0,0.97,1.83,0.3041,4430,0.072009,0.333,126,0,0,16.969917,0,0,0,0,0,0.78,0,2.72
0.372,5790,0.796667,0,0.1667,1,0,530.1852,3.438613,1.382892,0.030233,0,5,0,1.437938,0.01,7.489412,0.0224,0.09,0.0606,0,0.877262,115.11,0,0,40.9,0.27,1,2,1.055,0.06,1,6,0.3246,486,0.063786,0.91,169,0.12,1,13.675621,0,1,0.6198,0,0,0,0.166902,2.77
48.231,840,0.033212,0,1,0,0,11.7381,66.78308,88.04961,0.002368,0,4,1,0.858238,0.012,8.545392,0.0248,0.15,0.1142,0.08,0.89265,74.54,0,1,68.8,0.62,0,1,0.565,0.98,1,1,0.2213,7048,0.12046,0.198,100,0,0,17.405891,0,0,0,0,0,0.78,0,2.89
33.458,3290,0.094792,0,0,1,0,40.2938,62.65871,23.97632,0.033415,0,1,0,2.041869,0.075,7.362011,0.0304,0.1,0.01,0.04,0.704255,43.68,0,0,50,0.14,0.0644,2,0.4095,0.798,0.65,5.83,0.4441,4561,0.03793,0.906,78,0.85,0,15.787308,0,0,0,0.08,1,0.33,0,2.9
19.557,7700,0.055781,0,0.3333,1,0,116.4905,36.76809,7.235476,0.024528,0,3,0,1.614625,0.017,7.486613,0.0041,0.14,0.1199,0.02,0.909588,48.22,1,0,54.9,0.21,0.4005,0,0.1485,0.998,0.95,3.39,0.4357,72594,0.028969,0.858,97,0.12,0,18.679251,0,0.9308,0.3378,0,0,0.09,0.33407,2.94
45.415,1270,0.038868,0,0.8333,0,0,5.8578,169.9543,202.5813,0.004732,0,3,1,0.902597,0.032,8.425955,0.0303,0.13,0.0717,0.07,0.992022,55.6,0,0,69.4,0.86,0,0,0.3275,0.006,1,1.22,0.2493,50200,0.093108,0.168,92,0.04,0,19.249725,0,0,0,0,0,0.8,0,2.98
32.084,3300,0.327056,0,0.6667,1,0,9.754,131.6355,21.76648,0.026064,0,4,0,1.326279,0.064,8.153925,0.0368,0.24,0.1422,0.1,0.705736,94.21,0,0,71.7,0.92,0,2,0.638,0.338,0.98,2,0.3604,2114,0.048723,0.295,110,0,0,15.810262,0,0,0,0.08,1,0.22,0,3.03
33.593,2175,0.347972,0,0.5,1,0,38.3881,51.21938,17.41801,0.025559,0,3,0,1.936293,0.027,6.703188,0.0305,0.12,0.0635,0,0.930222,120.1,0,0,46.9,0.38,0,2,0.396,0.74,0.47,4.17,0.4487,11626,0.02589,0.903,123,0.08,0,16.064187,0,0,0,0.44,1,0.44,0,3.12
59.977,1000,0.069884,0,1,0,0,85.6828,22.41369,2.763691,0.005482,0,4,1,0.948564,0.034,8.632306,0.0349,0.13,0.0621,0.07,0.984102,79.39,0,0,73.4,0.48,0,0,0.851,0,1,1,0.2588,3581,0.111142,0.446,107,0,0,16.815703,0,0,0,0,0,0.78,0,3.18
36.816,1740,0.070252,0,0.3333,1,0,36.8064,51.07906,10.18829,0.022372,0,4,0,1.868875,0.019,7.003974,0.0369,0.17,0.1151,0.01,0.773602,110.44,0,0,48.6,0.47,0,2,0.5205,0.986,0.66,5.61,0.4337,4221,0.041696,0.808,104,0,0,15.351801,0,0,0,0,0,0.13,0,3.28
38.058,2130,0.077778,0,0.1667,0,0,15.4798,69.06823,30.08471,0.006873,0,4,1,0.871293,0.041,7.646354,0.0137,0.12,0.0643,0.04,0.740986,65.51,0,0,68.8,0.93,0,0,0.3155,0,1,1.94,0.2646,8327,0.082503,0.654,116,0.2,0,16.673612,0,0,0,0.08,1,0.8,0,3.43
37.398,1420,0.274516,0,0.1667,0,0,16.3993,98.96389,39.98909,0.00883,0,5,1,1.055705,0.02,8.046549,0.0097,0.11,0.0793,0.04,1,48.44,0,0,68.9,0.46,0,0,0.2705,0.728,1,2.39,0.2741,30455,0.082056,0.465,89,0.08,0,18.370555,0,0,0,0,0,0.78,0,3.55
54.611,800,0.090357,0,0.8333,1,0,24.3084,42.4618,34.21706,0.008975,0,5,1,1.348073,0.014,8.105006,0.0286,0.14,0.0964,0.08,0.813426,67.58,0,0,69.7,0.91,0,1,0.823,0,1,1,0.3111,2834,0.111856,0.593,119,0,0,16.05445,0,0,0,0,0,0.64,0,3.73
3.269,5380,0.61037,0.27,0.6667,1,0.01,40.3624,32.95543,13.33214,0.026187,1,5,0,1.710549,0.02,7.258412,0.0281,0.14,0.0929,0.01,0.322686,61.59,0,0,54.3,0.8,0.62216,2,0.7645,0.309,0.96,3.11,0.4496,8140,0.034152,0.926,88,0.04,0,16.262958,0,1,0.1217,0,0,1,0.337988,4.06
38.816,1750,0.0025,0,0.1667,0,0,10.4181,141.8488,33.13247,0.005991,0,4,1,1.043452,0.062,7.533159,0.0138,0.13,0.0522,0.04,0.998002,62.74,0,0,63.7,0.69,0,0,0.5825,1,1,2.22,0.2914,8826,0.079878,0.361,92,0.28,0,16.618616,0,0,0,0,0,0.78,0,4.09
6.562,5800,0.690568,0.01,0.3333,1,0,18.8325,76.17235,8.972233,0.021886,1,3,0,1.693227,0.042,6.458338,0.0174,0.13,0.0656,0.01,0.380444,40.19,0,0,41.5,0.75,0.41678,2,0.298,0.009,0.71,5,0.4,96194,0.03336,0.986,98,0.28,0,17.932461,0,1,0.044,0.04,1,0.56,0.446525,4.45
35.712,140,0.00988,0.87,1,0,0,4.0014,272.176,113.0167,0.009468,1,5,0,0.739076,0.01,7.990915,0.0317,0.12,0.0803,0.09,0.671693,75.02,0,0,67.7,0.94,0,0,0.205,0,1,1.44,0.3023,94096,0.057356,0.067,118,0,0,19.442986,0,0,0,0,0,0.73,0,4.67
21.536,8760,0.3775,0,0.5,1,0,1178.2328,0,0.968715,0.03315,0,5,0,1.929781,0.035,6.282267,0.03,0.2,0.134,0,0.754614,62.95,0,1,45.7,0,0.76,2,0.8515,0,0.42,2.06,0.4759,481,0.033264,0.75,131,0,1,12.458134,0,0.7025,0.5,0,0,0.36,0.008366,4.74
13.77,4620,0.356949,0.95,0.3333,0,0,19.3578,86.4634,50.05057,0.025667,1,3,0,1.709102,0.025,6.849066,0.0181,0.12,0.0789,0.02,0.82902,52.81,0,0,52.7,0.28,0.57876,0,0.386,0.023,0.83,3.94,0.4561,26392,0.02747,0.92,75,0.44,0,17.029883,0,1,0.6276,0.04,1,1,0.593959,5.15
22.704,2940,0.236821,0.3,0.8333,1,0.3,0.322,3729.293,0,0.021764,1,5,0,1.243866,0.004,7.717351,0.0168,0.04,0.0162,0.04,0.80589,70.6,0,0,66,1,0.046,0,1.693,0.98,0.87,3.61,0.4089,3075,0.027968,0.041,116,0,0,15.748411,0,1,0,0,0,1,0,5.94
37.553,1150,0,0.16,0.1667,0,0.6,3.9487,310.6865,111.1199,0.018594,1,3,0,1.454187,0.051,6.806829,0.0352,0.15,0.0618,0.05,0.679174,65.71,0,0,54.2,0.89,0,2,0.4195,0,0.94,4.44,0.4195,25003,0.033276,0.234,110,0.4,0,16.93358,0,0,0,0,0,0.6,0,6.36
25.259,2130,0.255056,0.31,0.3333,0,0.31,2.9893,391.4445,0,0.021919,1,3,0,1.373716,0.1,7.135687,0.0142,0.22,0.1068,0.05,0.613066,59.21,0,0,65.4,1,0,2,0.608,0.99,0.96,5.17,0.4539,10792,0.024833,0.163,116,0.05,0,16.422248,0,0.3675,0,0,0,0.71,0,6.58
1.355,5300,0.321529,0.46,0.3333,1,0.15,0.3733,3081.967,0,0.016857,1,4,0,1.23256,0.003,7.413367,0.0334,0.08,0.0436,0.06,0.328758,86.98,0,0,63.7,1,0,2,2.461,0.713,1,4.5,0.4322,1634,0.020808,0.695,87,0,0,14.812154,0,1,0,0,0,1,1,6.91